Unnamed: 0,id,scrape_id,last_scraped,source,host_id,host_since,host_response_time,host_response_rate,host_acceptance_rate,host_is_superhost,host_listings_count,host_has_profile_pic,host_identity_verified,neighbourhood_cleansed,latitude,longitude,property_type,room_type,accommodates,bathrooms,bathrooms_text,bedrooms,beds,amenities,price,minimum_nights,maximum_nights,availability_30,availability_60,availability_90,availability_365,number_of_reviews,number_of_reviews_ltm,number_of_reviews_l30d,first_review,last_review,review_scores_rating,review_scores_accuracy,review_scores_cleanliness,review_scores_checkin,review_scores_communication,review_scores_location,review_scores_value,license,instant_bookable,calculated_host_listings_count,calculated_host_listings_count_entire_homes,calculated_host_listings_count_private_rooms,calculated_host_listings_count_shared_rooms,reviews_per_month
0,208147.0,20200000000000.0,15/12/24,city scrape,1024383,2011-08-26,within an hour,100%,100%,t,1,t,t,Fornelo e Vairão,41.326347,-8.660382,Private room in home,Private room,2,1.0,1 private bath,1.0,2.0,"[""Refrigerator"", ""Room-darkening shades"", ""Toaster"", ""Stainless steel oven"", ""TV with standard cable"", ""Washer"", ""Cleaning products"", ""Free dryer \u2013 In building"", ""Dedicated workspace"", ""Garden view"", ""Free street parking"", ""Shared patio or balcony"", ""Microwave"", ""Gas stove"", ""Hair dryer"", ""Books and reading material"", ""Dishes and silverware"", ""Hot water"", ""Hangers"", ""Luggage dropoff allowed"", ""Board games"", ""Private entrance"", ""Wifi"", ""Valley view"", ""Clothing storage: closet"", ""Iron"", ""Cooking basics"", ""Kitchen"", ""Hot water kettle"", ""Laundromat nearby"", ""Backyard"", ""Private living room"", ""Wine glasses"", ""Long term stays allowed"", ""Indoor fireplace: pellet stove"", ""Heating"", ""Coffee maker: espresso machine"", ""Essentials"", ""Free parking on premises"", ""Lock on bedroom door"", ""Mosquito net"", ""Mini fridge"", ""Freezer"", ""Portable fans"", ""Dining table"", ""Hammock"", ""Extra pillows and blankets"", ""Outdoor furniture"", ""Cleaning available during stay"", ""Coffee"", ""Breakfast"", ""Bed linens""]",$40.00,4,730,17,17,17,117,61,6,2,03/07/15,06/12/24,4.98,4.95,4.98,4.93,4.97,4.84,4.98,Exempt,t,1,0,1,0,0.53
200,1306890.0,20200000000000.0,15/12/24,city scrape,3565697,2012-09-14,within an hour,100%,100%,t,9,t,t,"Cedofeita, Ildefonso, Sé, Miragaia, Nicolau, Vitória",41.14295,-8.61372,Entire rental unit,Entire home/apt,2,1.0,1 bath,1.0,1.0,"[""Baby bath"", ""Refrigerator"", ""Room-darkening shades"", ""Pack \u2019n play/Travel crib"", ""Toaster"", ""Shampoo"", ""Ethernet connection"", ""TV with standard cable"", ""Cleaning products"", ""Fast wifi \u2013 549 Mbps"", ""Microwave"", ""Dishwasher"", ""Body soap"", ""Building staff"", ""Central heating"", ""Hair dryer"", ""Books and reading material"", ""Fire extinguisher"", ""First aid kit"", ""Dishes and silverware"", ""Hot water"", ""High chair"", ""Children\u2019s dinnerware"", ""Hangers"", ""Board games"", ""Iron"", ""Crib"", ""Kitchen"", ""Cooking basics"", ""Oven"", ""Hot water kettle"", ""Laundromat nearby"", ""Self check-in"", ""Wine glasses"", ""City skyline view"", ""Smoke alarm"", ""Essentials"", ""Baking sheet"", ""Central air conditioning"", ""Paid parking garage off premises"", ""Carbon monoxide alarm"", ""Freezer"", ""Whirlpool stainless steel electric stove"", ""Extra pillows and blankets"", ""Private patio or balcony"", ""Children\u2019s books and toys"", ""Shower gel"", ""Coffee"", ""Bed linens"", ""Safe"", ""Coffee maker: pour-over coffee""]",$79.00,2,90,30,60,90,365,634,37,1,19/07/13,18/11/24,4.88,4.92,4.97,4.95,4.95,4.96,4.83,6475/AL,t,9,9,0,0,4.56
400,3915339.0,20200000000000.0,15/12/24,city scrape,20267107,2014-08-19,,,100%,f,2,t,t,"Cedofeita, Ildefonso, Sé, Miragaia, Nicolau, Vitória",41.14269,-8.6082,Entire rental unit,Entire home/apt,4,1.0,1 bath,1.0,2.0,"[""Shampoo"", ""TV with standard cable"", ""Free street parking"", ""Microwave"", ""Elevator"", ""Hair dryer"", ""Dishes and silverware"", ""Fire extinguisher"", ""First aid kit"", ""Hot water"", ""High chair"", ""Host greets you"", ""Hangers"", ""Wifi"", ""Coffee maker"", ""Iron"", ""Crib"", ""Kitchen"", ""Essentials"", ""Air conditioning""]",$70.00,2,1125,0,0,0,0,233,0,0,28/08/14,01/03/20,4.76,4.9,4.85,4.85,4.91,4.9,4.75,15136/AL,t,2,2,0,0,1.86
600,6299220.0,20200000000000.0,15/12/24,city scrape,32063640,2015-04-27,within an hour,100%,100%,f,1,t,t,Vila de Cucujães,40.87473,-8.48486,Entire home,Entire home/apt,10,4.0,4 baths,4.0,5.0,"[""Refrigerator"", ""Room-darkening shades"", ""Pack \u2019n play/Travel crib"", ""Toaster"", ""Washer"", ""Cleaning products"", ""Barbecue utensils"", ""Shared beach access"", ""Garden view"", ""Free street parking"", ""Microwave"", ""Dishwasher"", ""Clothing storage"", ""Hair dryer"", ""Books and reading material"", ""Fire extinguisher"", ""First aid kit"", ""Dishes and silverware"", ""Hot water"", ""High chair"", ""Stove"", ""Dryer"", ""BBQ grill"", ""Hangers"", ""Private entrance"", ""Wifi"", ""Coffee maker"", ""Iron"", ""Crib"", ""Indoor fireplace"", ""Kitchen"", ""Cooking basics"", ""Oven"", ""Laundromat nearby"", ""Backyard"", ""Self check-in"", ""Wine glasses"", ""Bathtub"", ""Mountain view"", ""Essentials"", ""Free parking on premises"", ""Lockbox"", ""TV"", ""Air conditioning"", ""Freezer"", ""Dining table"", ""Extra pillows and blankets"", ""Private patio or balcony"", ""Outdoor furniture"", ""Cleaning available during stay"", ""Outdoor dining area"", ""Bed linens""]",$180.00,2,1125,25,55,85,360,64,2,0,16/08/15,13/10/24,4.47,4.59,4.48,4.3,4.59,4.27,4.61,5697/AL,t,1,1,0,0,0.56
800,7835669.0,20200000000000.0,15/12/24,city scrape,41270413,2015-12-08,within an hour,100%,83%,f,1,t,t,Cidade da Maia,41.2362,-8.63281,Entire home,Entire home/apt,4,1.5,1.5 baths,3.0,3.0,"[""Refrigerator"", ""Room-darkening shades"", ""Ceiling fan"", ""Toaster"", ""Patio or balcony"", ""Shampoo"", ""Dedicated workspace"", ""Cleaning products"", ""Barbecue utensils"", ""Free street parking"", ""Sun loungers"", ""Body soap"", ""Clothing storage"", ""Hair dryer"", ""Books and reading material"", ""Fire extinguisher"", ""First aid kit"", ""Dishes and silverware"", ""Hot water"", ""Stove"", ""BBQ grill"", ""Host greets you"", ""Hangers"", ""Luggage dropoff allowed"", ""Private backyard \u2013 Fully fenced"", ""Private entrance"", ""Wifi"", ""Coffee maker"", ""Iron"", ""Cooking basics"", ""Indoor fireplace"", ""Kitchen"", ""Oven"", ""Hot water kettle"", ""Exterior security cameras on property"", ""Drying rack for clothing"", ""Wine glasses"", ""Bathtub"", ""Children's playroom"", ""Heating"", ""Essentials"", ""Free parking on premises"", ""Baking sheet"", ""Shared pool"", ""Freezer"", ""Dining table"", ""Extra pillows and blankets"", ""Children\u2019s books and toys"", ""Shower gel"", ""Exercise equipment"", ""Outdoor furniture"", ""Conditioner"", ""Outdoor dining area"", ""Bed linens""]",$150.00,3,14,13,43,64,298,36,4,0,13/11/15,11/08/24,4.92,4.86,4.86,4.97,4.97,4.69,4.83,,f,1,1,0,0,0.33
1000,10696002.0,20200000000000.0,15/12/24,previous scrape,10835497,2013-12-26,,,,f,2,t,f,"Vila Chã, Codal e Vila Cova de Perrinho",40.86061,-8.38823,Entire cottage,Entire home/apt,6,,1 bath,2.0,,"[""Refrigerator"", ""Toaster"", ""Pack \u2019n play/Travel crib"", ""TV with standard cable"", ""Free street parking"", ""Shared patio or balcony"", ""Microwave"", ""Dishwasher"", ""Hair dryer"", ""Dishes and silverware"", ""Fire extinguisher"", ""First aid kit"", ""Stove"", ""Hot water"", ""BBQ grill"", ""Portable heater"", ""Host greets you"", ""Hangers"", ""Pocket wifi"", ""Wifi"", ""Coffee maker"", ""Iron"", ""Crib"", ""Indoor fireplace"", ""Kitchen"", ""Cooking basics"", ""Oven"", ""Hot water kettle"", ""Wine glasses"", ""Long term stays allowed"", ""Private backyard \u2013 Not fully fenced"", ""Smoke alarm"", ""Essentials"", ""Free parking on premises"", ""Carbon monoxide alarm"", ""Freezer"", ""Pets allowed"", ""Extra pillows and blankets"", ""Waterfront"", ""Bidet"", ""Children\u2019s books and toys"", ""Lake access"", ""Outdoor furniture"", ""Cleaning available during stay"", ""Free washer \u2013 In unit"", ""Outdoor dining area""]",,30,1125,0,0,0,0,15,0,0,22/04/16,02/08/20,4.67,4.67,4.6,4.67,4.67,4.67,4.8,,f,1,1,0,0,0.14
1200,12900764.0,20200000000000.0,15/12/24,city scrape,22724401,2014-10-19,within an hour,100%,99%,t,9,t,t,Canidelo,41.1288,-8.66671,Entire rental unit,Entire home/apt,6,3.0,3 baths,3.0,3.0,"[""Refrigerator"", ""Room-darkening shades"", ""Patio or balcony"", ""Induction stove"", ""Shampoo"", ""Ethernet connection"", ""TV with standard cable"", ""Washer"", ""Cleaning products"", ""Dedicated workspace"", ""Hot tub"", ""Free street parking"", ""Microwave"", ""Dishwasher"", ""Elevator"", ""Hair dryer"", ""Dishes and silverware"", ""Sony sound system with Bluetooth and aux"", ""Fire extinguisher"", ""First aid kit"", ""Hot water"", ""Coffee maker: drip coffee maker, Nespresso"", ""Hangers"", ""Wifi"", ""Clothing storage: closet"", ""Iron"", ""Crib"", ""Indoor fireplace"", ""Kitchen"", ""Cooking basics"", ""Siemens stainless steel single oven"", ""Hot water kettle"", ""Laundromat nearby"", ""Drying rack for clothing"", ""Movie theater"", ""Wine glasses"", ""Long term stays allowed"", ""Bathtub"", ""Heating"", ""Beach access \u2013 Beachfront"", ""Essentials"", ""Clamp on table seat high chair - available upon request"", ""Free parking on premises"", ""Baking sheet"", ""Beach view"", ""Pack \u2019n play/Travel crib - available upon request"", ""Carbon monoxide alarm"", ""Air conditioning"", ""Freezer"", ""Dining table"", ""Extra pillows and blankets"", ""Waterfront"", ""Bidet"", ""Shower gel"", ""Bed linens"", ""Safe""]",$103.00,1,27,9,12,14,153,150,35,4,04/07/16,02/12/24,4.9,4.9,4.93,4.93,4.85,4.85,4.89,105348/AL,t,9,9,0,0,1.46
1400,13889735.0,20200000000000.0,15/12/24,previous scrape,82252525,2016-07-07,,,,f,1,t,f,Bonfim,41.15378,-8.60254,Entire rental unit,Entire home/apt,4,,1 bath,2.0,,"[""Refrigerator"", ""Hair dryer"", ""Dishes and silverware"", ""Heating"", ""First aid kit"", ""Private patio or balcony"", ""Essentials"", ""Shampoo"", ""Hangers"", ""Washer"", ""Wifi"", ""Coffee maker"", ""Iron"", ""Kitchen""]",,3,1125,0,0,0,0,26,0,0,27/07/16,05/09/22,4.27,4.52,4.62,4.6,4.64,4.52,4.4,,f,1,1,0,0,0.25
1600,15539994.0,20200000000000.0,15/12/24,previous scrape,87063111,2016-07-31,,,,f,1,t,t,"Cedofeita, Ildefonso, Sé, Miragaia, Nicolau, Vitória",41.14512,-8.61085,Entire rental unit,Entire home/apt,2,,1 bath,1.0,,"[""Elevator"", ""Hair dryer"", ""Heating"", ""Fire extinguisher"", ""First aid kit"", ""Essentials"", ""Hot water"", ""Wifi"", ""Shampoo"", ""Hangers"", ""Washer"", ""TV"", ""Bed linens"", ""Iron"", ""Kitchen""]",,3,1125,0,0,0,0,62,0,0,09/09/17,26/06/19,4.95,4.97,5.0,4.98,4.98,5.0,4.89,55116/AL,t,1,1,0,0,0.7
1800,17480544.0,20200000000000.0,15/12/24,city scrape,364783572,2020-08-28,,,,f,152,t,f,"Cedofeita, Ildefonso, Sé, Miragaia, Nicolau, Vitória",41.14332,-8.61719,Entire rental unit,Entire home/apt,2,1.0,1 bath,1.0,1.0,"[""Self check-in"", ""Hair dryer"", ""Heating"", ""Fire extinguisher"", ""First aid kit"", ""Essentials"", ""Hot water"", ""Wifi"", ""Shampoo"", ""Hangers"", ""Dedicated workspace"", ""Lockbox"", ""TV"", ""Bed linens"", ""Coffee maker"", ""Iron"", ""Kitchen""]",$82.00,1,1125,25,55,85,359,283,47,1,26/03/17,09/12/24,4.45,4.6,4.64,4.62,4.61,4.91,4.48,40448/AL,f,135,120,15,0,3.01
2000,18429369.0,20200000000000.0,15/12/24,city scrape,97104881,2016-09-28,within an hour,100%,100%,t,5,t,t,"Cedofeita, Ildefonso, Sé, Miragaia, Nicolau, Vitória",41.15799,-8.61318,Entire rental unit,Entire home/apt,3,1.0,1 bath,1.0,2.0,"[""Harbor view"", ""Coffee maker: Nespresso"", ""Refrigerator"", ""Room-darkening shades"", ""Pack \u2019n play/Travel crib"", ""Toaster"", ""Induction stove"", ""Shampoo"", ""TV with standard cable"", ""Dedicated workspace"", ""Cleaning products"", ""Free street parking"", ""Microwave"", ""Hair dryer"", ""Dishes and silverware"", ""Fire extinguisher"", ""First aid kit"", ""Hot water"", ""High chair"", ""Host greets you"", ""Hangers"", ""Luggage dropoff allowed"", ""Private entrance"", ""Wifi"", ""Clothing storage: closet"", ""Iron"", ""Crib"", ""Kitchen"", ""Cooking basics"", ""Oven"", ""Hot water kettle"", ""Blender"", ""Laundromat nearby"", ""Drying rack for clothing"", ""Wine glasses"", ""Long term stays allowed"", ""Heating"", ""Essentials"", ""Baking sheet"", ""Central air conditioning"", ""Freezer"", ""Free washer"", ""Dining table"", ""Pets allowed"", ""Extra pillows and blankets"", ""Private patio or balcony"", ""Free dryer"", ""Shower gel"", ""Cleaning available during stay"", ""Coffee"", ""Bed linens"", ""Safe""]",$70.00,3,1125,24,42,42,42,67,10,0,25/05/17,08/11/24,4.85,4.87,4.94,4.82,4.82,4.75,4.85,53656/AL,t,5,4,1,0,0.73
2200,19343025.0,20200000000000.0,15/12/24,previous scrape,130937954,2017-05-18,,,,f,4,t,t,Paranhos,41.16356,-8.60738,Entire rental unit,Entire home/apt,4,,1 bath,3.0,,"[""Microwave"", ""Oven"", ""Refrigerator"", ""Long term stays allowed"", ""Hair dryer"", ""Dishes and silverware"", ""Stove"", ""Patio or balcony"", ""Essentials"", ""Hot water"", ""Shower gel"", ""Shampoo"", ""Host greets you"", ""Hangers"", ""Wifi"", ""Bed linens"", ""Cooking basics"", ""Kitchen""]",,4,1125,0,0,0,0,22,0,0,24/06/17,16/08/19,4.41,4.64,4.73,4.95,4.95,4.45,4.6,,t,4,1,3,0,0.24
2400,20189455.0,20200000000000.0,15/12/24,city scrape,140711221,2017-07-16,within an hour,100%,80%,,5,t,t,"Cedofeita, Ildefonso, Sé, Miragaia, Nicolau, Vitória",41.14936,-8.60343,Entire rental unit,Entire home/apt,8,3.0,3 baths,4.0,5.0,"[""Microwave"", ""Oven"", ""Refrigerator"", ""Long term stays allowed"", ""Hair dryer"", ""Room-darkening shades"", ""Fire extinguisher"", ""First aid kit"", ""Dishes and silverware"", ""Essentials"", ""Hot water"", ""Stove"", ""Wifi"", ""Hangers"", ""Free washer \u2013 In unit"", ""TV"", ""Cooking basics"", ""Kitchen""]",$198.00,1,1125,13,35,50,284,13,2,0,12/08/17,24/03/24,4.54,4.85,4.62,5.0,4.92,4.62,4.77,49717/AL,f,2,2,0,0,0.15
2600,21103192.0,20200000000000.0,15/12/24,city scrape,14714000,2014-04-25,,,,f,3,t,t,Bonfim,41.15536,-8.6033,Private room in home,Private room,2,1.0,1 private bath,1.0,1.0,"[""Baby bath"", ""Pack \u2019n play/Travel crib"", ""Shampoo"", ""Free street parking"", ""Hair dryer"", ""Fire extinguisher"", ""First aid kit"", ""Hot water"", ""High chair"", ""Dryer"", ""Children\u2019s dinnerware"", ""Hangers"", ""Luggage dropoff allowed"", ""Host greets you"", ""Wifi"", ""Crib"", ""Long term stays allowed"", ""Bathtub"", ""Heating"", ""Smoking allowed"", ""Essentials"", ""Lock on bedroom door"", ""Paid parking on premises"", ""Extra pillows and blankets"", ""Children\u2019s books and toys"", ""Shower gel"", ""Breakfast"", ""Babysitter recommendations"", ""Bed linens""]",$42.00,2,1125,0,0,0,0,4,0,0,03/10/17,13/06/19,5.0,5.0,5.0,5.0,5.0,4.75,5.0,54237/AL,f,3,0,3,0,0.05
2800,22255638.0,20200000000000.0,15/12/24,previous scrape,156334940,2017-10-26,,,,f,7,t,f,Vila do Conde,41.35315,-8.74332,Private room in guesthouse,Private room,3,,1 private bath,1.0,,"[""Private living room"", ""Self check-in"", ""Elevator"", ""Hair dryer"", ""Heating"", ""Breakfast"", ""Dedicated workspace"", ""Keypad"", ""TV"", ""Kitchen""]",,2,1125,0,0,0,0,0,0,0,,,,,,,,,,59537/AL,f,7,0,7,0,
3000,23562468.0,20200000000000.0,15/12/24,city scrape,89588787,2016-12-08,within an hour,100%,100%,t,29,t,t,"Cedofeita, Ildefonso, Sé, Miragaia, Nicolau, Vitória",41.15033,-8.61103,Entire loft,Entire home/apt,2,1.0,1 bath,0.0,3.0,"[""Refrigerator"", ""Shampoo"", ""Ethernet connection"", ""Microwave"", ""Shared hot tub - available all year, open specific hours"", ""Hair dryer"", ""Dishes and silverware"", ""Stove"", ""Shared outdoor pool - available seasonally, open specific hours, infinity, rooftop"", ""Hot water"", ""Wifi"", ""Coffee maker"", ""Cooking basics"", ""Iron"", ""Kitchen"", ""Exterior security cameras on property"", ""Heating"", ""Smoke alarm"", ""Essentials"", ""TV"", ""Air conditioning"", ""Bed linens""]",$79.00,1,365,27,57,87,342,42,2,0,07/05/18,29/10/24,4.86,4.9,4.88,4.86,4.86,4.9,4.76,44984/AL,f,29,29,0,0,0.52
3200,24580573.0,20200000000000.0,15/12/24,previous scrape,7682448,2013-07-23,within an hour,100%,98%,t,4,t,t,Santa Marinha e São Pedro da Afurada,41.13659,-8.61412,Entire rental unit,Entire home/apt,2,,1 bath,1.0,,"[""Paid parking off premises"", ""Refrigerator"", ""Toaster"", ""TV with standard cable"", ""Ethernet connection"", ""Dedicated workspace"", ""Microwave"", ""Hair dryer"", ""Dishes and silverware"", ""Fire extinguisher"", ""First aid kit"", ""Stove"", ""Hot water"", ""Host greets you"", ""Hangers"", ""Private entrance"", ""Wifi"", ""Coffee maker"", ""Cooking basics"", ""Hot water kettle"", ""Kitchen"", ""Heating"", ""Essentials"", ""Mini fridge"", ""Air conditioning"", ""Freezer"", ""Dining table"", ""Bidet"", ""Paid pack \u2019n play/travel crib - available upon request"", ""Shower gel""]",,2,1125,0,0,0,0,63,6,0,05/05/18,27/10/24,4.68,4.79,4.7,4.86,4.95,4.87,4.65,69683/AL,f,4,4,0,0,0.78
3400,25825381.0,20200000000000.0,15/12/24,city scrape,49819978,2015-11-24,within an hour,100%,100%,f,59,t,t,Bonfim,41.15118,-8.60429,Entire rental unit,Entire home/apt,4,1.0,1 bath,1.0,1.0,"[""Refrigerator"", ""Patio or balcony"", ""Shampoo"", ""TV with standard cable"", ""Microwave"", ""Dishwasher"", ""Hair dryer"", ""Dishes and silverware"", ""Fire extinguisher"", ""First aid kit"", ""Stove"", ""Wifi"", ""Coffee maker"", ""Cooking basics"", ""Iron"", ""Oven"", ""Kitchen"", ""Essentials"", ""Air conditioning"", ""Bed linens""]",$34.00,2,99,22,52,82,357,12,2,0,10/06/18,03/11/24,4.58,4.75,4.5,4.75,5.0,5.0,4.5,72838/AL,t,15,15,0,0,0.15
3600,26813476.0,20200000000000.0,15/12/24,city scrape,5897201,2013-12-04,within an hour,100%,100%,t,17,t,t,"Cedofeita, Ildefonso, Sé, Miragaia, Nicolau, Vitória",41.14959,-8.6172,Entire rental unit,Entire home/apt,2,1.0,1 bath,1.0,1.0,"[""Refrigerator"", ""Pack \u2019n play/Travel crib"", ""Electric stove"", ""Shampoo"", ""Microwave"", ""Body soap"", ""Hair dryer"", ""Dishes and silverware"", ""Fire extinguisher"", ""Hot water"", ""Hangers"", ""Wifi"", ""Coffee maker"", ""Iron"", ""Crib"", ""Kitchen"", ""Cooking basics"", ""Oven"", ""Drying rack for clothing"", ""Self check-in"", ""Heating"", ""Essentials"", ""Central air conditioning"", ""Lockbox"", ""TV"", ""Private patio or balcony"", ""Shower gel"", ""Free washer \u2013 In unit""]",$46.00,2,30,20,50,80,341,221,53,1,25/07/18,20/11/24,4.85,4.93,4.9,4.92,4.93,4.95,4.83,79579/AL,t,16,16,0,0,2.84
3800,27953392.0,20200000000000.0,15/12/24,city scrape,46446520,2015-10-13,within an hour,100%,100%,t,2,t,t,Lordelo do Ouro e Massarelos,41.15009,-8.62836,Entire loft,Entire home/apt,2,1.0,1 bath,1.0,2.0,"[""Refrigerator"", ""Patio or balcony"", ""Shampoo"", ""TV with standard cable"", ""Free street parking"", ""Microwave"", ""Hair dryer"", ""Dishes and silverware"", ""Fire extinguisher"", ""First aid kit"", ""Stove"", ""Hot water"", ""Hangers"", ""Keypad"", ""Wifi"", ""Coffee maker"", ""Cooking basics"", ""Kitchen"", ""Self check-in"", ""Long term stays allowed"", ""Heating"", ""Smoke alarm"", ""Essentials"", ""Extra pillows and blankets"", ""Cleaning available during stay"", ""Bed linens""]",$50.00,2,90,20,46,63,226,293,57,2,01/10/18,09/12/24,4.86,4.91,4.8,4.95,4.97,4.63,4.83,83410/AL,t,2,2,0,0,3.88
4000,29568690.0,20200000000000.0,15/12/24,previous scrape,49366936,2015-11-18,within an hour,100%,93%,t,5,t,t,Bonfim,41.14528,-8.59307,Entire rental unit,Entire home/apt,2,,1 bath,,,"[""Paid parking off premises"", ""Refrigerator"", ""Shampoo"", ""TV with standard cable"", ""Shared patio or balcony"", ""Microwave"", ""Hair dryer"", ""Dishes and silverware"", ""Fire extinguisher"", ""First aid kit"", ""Stove"", ""Hot water"", ""Hangers"", ""Private entrance"", ""Wifi"", ""Clothing storage: closet"", ""Cooking basics"", ""Crib"", ""Kitchen"", ""Hot water kettle"", ""Coffee maker"", ""Laundromat nearby"", ""Backyard"", ""Long term stays allowed"", ""Essentials"", ""Outlet covers"", ""Paid parking on premises"", ""Freezer"", ""Portable fans"", ""Dining table"", ""Shower gel"", ""Outdoor furniture"", ""Outdoor dining area"", ""Bed linens""]",,3,1125,0,0,0,0,203,25,0,10/12/18,27/10/24,4.83,4.93,4.89,4.95,4.96,4.72,4.8,86452/AL,f,5,5,0,0,2.77
4200,31097284.0,20200000000000.0,15/12/24,previous scrape,18254408,2014-07-17,,,,f,1,t,t,Mafamude e Vilar do Paraíso,41.10918,-8.61388,Entire rental unit,Entire home/apt,4,,1 bath,1.0,,"[""Room-darkening shades"", ""Clothing storage: wardrobe"", ""Toaster"", ""TV with standard cable"", ""Ethernet connection"", ""Dedicated workspace"", ""Cleaning products"", ""Free street parking"", ""Microwave"", ""Elevator"", ""Becken refrigerator"", ""Hair dryer"", ""Dishes and silverware"", ""Hot water"", ""Portable heater"", ""Host greets you"", ""Hangers"", ""Coffee maker: drip coffee maker"", ""Wifi"", ""Iron"", ""Cooking basics"", ""Kitchen"", ""Laundromat nearby"", ""Drying rack for clothing"", ""Wine glasses"", ""Long term stays allowed"", ""Bathtub"", ""Essentials"", ""Freezer"", ""Dining table"", ""Extra pillows and blankets"", ""Private patio or balcony"", ""Bidet"", ""AEG stainless steel oven"", ""Bosch induction stove"", ""Coffee"", ""Free washer \u2013 In unit"", ""Bed linens"", ""Safe""]",,5,1125,0,0,0,0,22,0,0,05/09/19,21/07/22,4.77,4.86,4.91,4.82,4.82,4.68,4.68,101756/AL,f,1,1,0,0,0.34
4400,32881515.0,20200000000000.0,14/12/24,city scrape,54662715,2016-01-14,within an hour,100%,100%,f,5,t,t,Mafamude e Vilar do Paraíso,41.12902,-8.60814,Entire rental unit,Entire home/apt,3,1.0,1 bath,1.0,2.0,"[""Refrigerator"", ""Pack \u2019n play/Travel crib"", ""Ceiling fan"", ""TV with standard cable"", ""Cleaning products"", ""Microwave"", ""Body soap"", ""Hair dryer"", ""Dishes and silverware"", ""Fire extinguisher"", ""First aid kit"", ""Stove"", ""Hot water"", ""High chair"", ""Host greets you"", ""Hangers"", ""Pocket wifi"", ""Wifi"", ""Clothing storage: closet"", ""Iron"", ""Crib"", ""Kitchen"", ""Cooking basics"", ""Oven"", ""Coffee maker"", ""Long term stays allowed"", ""Bathtub"", ""Heating"", ""Smoking allowed"", ""Essentials"", ""Paid street parking off premises"", ""Private patio or balcony"", ""Bidet"", ""Shower gel"", ""Outdoor furniture"", ""Cleaning available during stay"", ""Free washer \u2013 In unit""]",$60.00,2,365,5,35,65,143,104,20,1,29/03/19,16/11/24,4.85,4.88,4.77,4.9,4.97,4.76,4.78,55317,t,5,5,0,0,1.49
4600,34277038.0,20200000000000.0,15/12/24,city scrape,146581775,2017-08-18,within an hour,100%,100%,f,25,t,t,"Cedofeita, Ildefonso, Sé, Miragaia, Nicolau, Vitória",41.14777,-8.60293,Entire rental unit,Entire home/apt,4,1.0,1 bath,3.0,3.0,"[""Paid parking off premises"", ""Refrigerator"", ""Toaster"", ""Patio or balcony"", ""Induction stove"", ""Shampoo"", ""TV with standard cable"", ""Cleaning products"", ""Microwave"", ""Dishwasher"", ""Clothing storage"", ""Elevator"", ""Hair dryer"", ""Dishes and silverware"", ""Fire extinguisher"", ""First aid kit"", ""Hot water"", ""Hangers"", ""Private entrance"", ""Keypad"", ""Wifi"", ""Coffee maker"", ""Cooking basics"", ""Hot water kettle"", ""Kitchen"", ""Oven"", ""Self check-in"", ""Wine glasses"", ""Long term stays allowed"", ""Essentials"", ""Central air conditioning"", ""Mini fridge"", ""Freezer"", ""Dining table"", ""Shower gel"", ""Coffee"", ""Bed linens""]",$270.00,1,365,20,47,73,326,14,0,0,15/12/19,02/06/23,4.86,4.93,4.86,4.79,5.0,4.93,4.93,95743 / AL,t,25,25,0,0,0.23
4800,35603697.0,20200000000000.0,15/12/24,previous scrape,267855669,2019-11-06,,,,f,1,t,f,"Cedofeita, Ildefonso, Sé, Miragaia, Nicolau, Vitória",41.15966,-8.62627,Entire rental unit,Entire home/apt,2,,1 bath,1.0,,"[""Refrigerator"", ""Patio or balcony"", ""Shampoo"", ""TV with standard cable"", ""Washer"", ""Microwave"", ""Dishwasher"", ""Elevator"", ""Hair dryer"", ""Dishes and silverware"", ""Fire extinguisher"", ""First aid kit"", ""Stove"", ""Hot water"", ""Hangers"", ""Wifi"", ""Coffee maker"", ""Cooking basics"", ""Iron"", ""Kitchen"", ""Oven"", ""Heating"", ""Smoke alarm"", ""Essentials"", ""Free parking on premises"", ""Carbon monoxide alarm"", ""Bed linens""]",,2,1000,0,0,0,0,24,0,0,27/06/19,25/08/20,4.63,4.92,4.63,4.79,4.92,4.75,4.63,97814/AL,f,1,1,0,0,0.36
5000,36541279.0,20200000000000.0,15/12/24,city scrape,130472157,2017-05-15,within an hour,90%,98%,f,6,t,t,"Cedofeita, Ildefonso, Sé, Miragaia, Nicolau, Vitória",41.14357,-8.61749,Entire rental unit,Entire home/apt,2,1.0,1 bath,1.0,1.0,"[""Paid parking off premises"", ""Refrigerator"", ""Patio or balcony"", ""Shampoo"", ""TV with standard cable"", ""Microwave"", ""Hair dryer"", ""Dishes and silverware"", ""Fire extinguisher"", ""First aid kit"", ""Stove"", ""Hot water"", ""Hangers"", ""Private entrance"", ""Keypad"", ""Wifi"", ""Coffee maker"", ""Cooking basics"", ""Iron"", ""Kitchen"", ""Oven"", ""Backyard"", ""Self check-in"", ""Long term stays allowed"", ""Heating"", ""Essentials"", ""Air conditioning"", ""Extra pillows and blankets"", ""Bed linens""]",$63.00,1,30,20,49,79,348,1,0,0,08/09/23,08/09/23,5.0,5.0,5.0,5.0,5.0,5.0,5.0,89226/AL,t,5,5,0,0,0.06
5200,37781625.0,20200000000000.0,15/12/24,city scrape,271888538,2019-06-27,within a few hours,100%,93%,t,1,t,t,"Lobão, Gião, Louredo e Guisande",40.97385,-8.44859,Entire home,Entire home/apt,8,3.0,3 baths,4.0,4.0,"[""Coffee maker: Nespresso"", ""Refrigerator"", ""Electric stove"", ""Patio or balcony"", ""Shampoo"", ""TV with standard cable"", ""Free street parking"", ""Washer \u2013\u00a0In building"", ""Microwave"", ""Hair dryer"", ""Dishes and silverware"", ""Fire extinguisher"", ""First aid kit"", ""Hot water"", ""Hangers"", ""Private entrance"", ""Wifi"", ""Cooking basics"", ""Indoor fireplace"", ""Kitchen"", ""Oven"", ""Long term stays allowed"", ""Bathtub"", ""Essentials"", ""Free parking on premises"", ""Dryer \u2013 In building"", ""Baking sheet"", ""Air conditioning"", ""Freezer"", ""Shower gel"", ""Cleaning available during stay"", ""Bed linens""]",$75.00,2,30,14,44,74,322,44,10,0,22/12/19,03/11/24,4.66,4.73,4.65,4.57,4.81,4.7,4.7,104412/AL,t,1,1,0,0,0.72
5400,39765582.0,20200000000000.0,15/12/24,city scrape,179432438,2018-03-19,within an hour,100%,100%,f,55,t,t,"Cedofeita, Ildefonso, Sé, Miragaia, Nicolau, Vitória",41.14455,-8.6132,Entire rental unit,Entire home/apt,4,1.0,1 bath,2.0,3.0,"[""Refrigerator"", ""Shampoo"", ""Microwave"", ""Dishwasher"", ""Clothing storage"", ""Hair dryer"", ""Dishes and silverware"", ""Fire extinguisher"", ""First aid kit"", ""Stove"", ""Hot water"", ""Portable heater"", ""Hangers"", ""Wifi"", ""Paid parking lot off premises"", ""Coffee maker"", ""Iron"", ""Cooking basics"", ""Kitchen"", ""Oven"", ""Standalone high chair - available upon request"", ""Wine glasses"", ""Long term stays allowed"", ""Self check-in"", ""Essentials"", ""Lockbox"", ""TV"", ""Pack \u2019n play/Travel crib - available upon request"", ""Freezer"", ""Dining table"", ""Shower gel"", ""Bed linens""]",$68.00,2,365,12,39,60,332,199,50,2,02/12/19,02/12/24,4.69,4.8,4.77,4.87,4.91,4.93,4.66,103530/AL,t,55,55,0,0,3.24
5600,41523988.0,20200000000000.0,15/12/24,city scrape,326168013,2020-10-01,within an hour,100%,100%,f,4,t,t,"Cedofeita, Ildefonso, Sé, Miragaia, Nicolau, Vitória",41.15265656,-8.604703903,Entire rental unit,Entire home/apt,10,2.0,2 baths,4.0,9.0,"[""Refrigerator"", ""Room-darkening shades"", ""Patio or balcony"", ""TV with standard cable"", ""Microwave"", ""Hair dryer"", ""Dishes and silverware"", ""Fire extinguisher"", ""First aid kit"", ""Stove"", ""Hot water"", ""Hangers"", ""Private entrance"", ""Wifi"", ""Coffee maker"", ""Cooking basics"", ""Crib"", ""Kitchen"", ""Long term stays allowed"", ""Heating"", ""Essentials""]",$197.00,3,45,28,58,88,105,5,5,0,06/05/24,27/10/24,4.6,4.8,4.8,4.4,4.0,5.0,4.2,104835/AL,t,4,4,0,0,0.67
5800,43333828.0,20200000000000.0,15/12/24,city scrape,157904380,2017-08-11,within an hour,100%,100%,t,2,t,t,"Cedofeita, Ildefonso, Sé, Miragaia, Nicolau, Vitória",41.1538,-8.60336,Entire rental unit,Entire home/apt,2,1.0,1 bath,1.0,2.0,"[""Castelbel body soap"", ""Coffee maker: Nespresso"", ""Baby bath"", ""Refrigerator"", ""Free dryer \u2013 In unit"", ""Room-darkening shades"", ""Pack \u2019n play/Travel crib"", ""Toaster"", ""Shampoo"", ""Dedicated workspace"", ""Cleaning products"", ""Changing table"", ""Microwave"", ""Elevator"", ""Central heating"", ""Hair dryer"", ""Dishes and silverware"", ""Fire extinguisher"", ""First aid kit"", ""Stove"", ""Hot water"", ""High chair"", ""Children\u2019s dinnerware"", ""Hangers"", ""Wifi"", ""Clothing storage: closet"", ""Iron"", ""Crib"", ""Kitchen"", ""Cooking basics"", ""Oven"", ""Hot water kettle"", ""Blender"", ""Drying rack for clothing"", ""Wine glasses"", ""Long term stays allowed"", ""Self check-in"", ""Smoke alarm"", ""Free parking garage on premises \u2013 1 space"", ""Essentials"", ""HDTV with premium cable"", ""Baking sheet"", ""Central air conditioning"", ""Washer \u2013\u00a0In unit"", ""Lockbox"", ""Carbon monoxide alarm"", ""Freezer"", ""Dining table"", ""Extra pillows and blankets"", ""Children\u2019s books and toys"", ""Shower gel"", ""Cleaning available during stay"", ""Coffee"", ""Breakfast"", ""Bed linens"", ""Safe""]",$66.00,2,180,0,1,5,144,194,50,2,31/05/21,04/12/24,5.0,4.98,4.99,4.97,5.0,4.86,4.95,102055/AL,f,2,2,0,0,4.49
6000,44312053.0,20200000000000.0,15/12/24,city scrape,151352873,2017-09-20,within an hour,100%,99%,t,15,t,t,"Cedofeita, Ildefonso, Sé, Miragaia, Nicolau, Vitória",41.14824,-8.61143,Entire condo,Entire home/apt,2,1.0,1 bath,1.0,1.0,"[""Refrigerator"", ""Room-darkening shades"", ""Pack \u2019n play/Travel crib"", ""Electric stove"", ""Toaster"", ""Shampoo"", ""TV with standard cable"", ""Washer"", ""Cleaning products"", ""Microwave"", ""Window AC unit"", ""Dishwasher"", ""Free residential garage on premises \u2013 1 space"", ""Elevator"", ""Hair dryer"", ""Heating - split type ductless system"", ""Fire extinguisher"", ""First aid kit"", ""Dishes and silverware"", ""Hot water"", ""Dryer"", ""Hangers"", ""Wifi"", ""Bread maker"", ""Coffee maker"", ""Iron"", ""Crib"", ""Kitchen"", ""Cooking basics"", ""Oven"", ""Hot water kettle"", ""Blender"", ""Laundromat nearby"", ""Drying rack for clothing"", ""Wine glasses"", ""Long term stays allowed"", ""Self check-in"", ""Bathtub"", ""Smoke alarm"", ""Essentials"", ""Baking sheet"", ""Lockbox"", ""Freezer"", ""Portable fans"", ""Dining table"", ""Shower gel"", ""Coffee"", ""Bed linens""]",$78.00,2,31,10,14,35,35,163,34,2,11/09/20,08/12/24,4.91,4.94,4.91,4.77,4.93,4.98,4.85,113131/AL,f,15,15,0,0,3.14
6200,45529261.0,20200000000000.0,15/12/24,city scrape,368252415,2020-09-19,within an hour,100%,100%,t,9,t,t,"Cedofeita, Ildefonso, Sé, Miragaia, Nicolau, Vitória",41.14605,-8.61186,Entire rental unit,Entire home/apt,4,1.0,1 bath,1.0,3.0,"[""Paid parking off premises"", ""Coffee maker: Nespresso"", ""Refrigerator"", ""Pack \u2019n play/Travel crib"", ""Shampoo"", ""TV with standard cable"", ""Microwave"", ""Hair dryer"", ""Dishes and silverware"", ""Fire extinguisher"", ""First aid kit"", ""Stove"", ""Hot water"", ""Hangers"", ""Keypad"", ""Wifi"", ""Iron"", ""Crib"", ""Kitchen"", ""Cooking basics"", ""Laundromat nearby"", ""Self check-in"", ""Long term stays allowed"", ""Heating"", ""Essentials"", ""Air conditioning"", ""Freezer"", ""Extra pillows and blankets"", ""Private patio or balcony"", ""Shower gel"", ""Cleaning available during stay"", ""Bed linens""]",$133.00,2,31,16,38,63,273,13,1,0,13/06/22,20/04/24,4.77,4.92,5.0,5.0,5.0,4.85,4.85,64400/AL,t,8,8,0,0,0.43
6400,47155344.0,20200000000000.0,15/12/24,city scrape,2730238,2012-06-24,within an hour,98%,100%,t,21,t,t,"Cedofeita, Ildefonso, Sé, Miragaia, Nicolau, Vitória",41.14597,-8.60505,Entire rental unit,Entire home/apt,4,1.0,1 bath,1.0,2.0,"[""Coffee maker: Nespresso"", ""Refrigerator"", ""Free dryer \u2013 In unit"", ""Room-darkening shades"", ""Pack \u2019n play/Travel crib"", ""Toaster"", ""Shampoo"", ""Washer"", ""Cleaning products"", ""HDTV with standard cable"", ""Dedicated workspace"", ""Microwave"", ""Dishwasher"", ""Body soap"", ""Clothing storage"", ""Free residential garage on premises \u2013 1 space"", ""Elevator"", ""Hair dryer"", ""Dishes and silverware"", ""Fire extinguisher"", ""First aid kit"", ""Stove"", ""Hot water"", ""Portable heater"", ""Hangers"", ""Private entrance"", ""Iron"", ""Cooking basics"", ""Kitchen"", ""Oven"", ""Hot water kettle"", ""Laundromat nearby"", ""Drying rack for clothing"", ""Wine glasses"", ""Long term stays allowed"", ""Self check-in"", ""Smart lock"", ""Bathtub"", ""Essentials"", ""Freezer"", ""Dining table"", ""Extra pillows and blankets"", ""Fast wifi \u2013 516 Mbps"", ""Crib - available upon request"", ""Shower gel"", ""Bed linens""]",$79.00,2,90,26,40,43,256,95,41,1,03/04/22,13/12/24,4.95,4.95,4.86,4.76,4.96,4.87,4.86,113326/AL,t,16,16,0,0,2.88
6600,49520849.0,20200000000000.0,15/12/24,city scrape,396819661,2021-04-13,within an hour,100%,100%,t,9,t,t,Espinho,41.01117,-8.64091,Entire rental unit,Entire home/apt,2,1.0,1 bath,1.0,1.0,"[""Self check-in"", ""Smart lock"", ""Hair dryer"", ""Heating"", ""Wifi"", ""Central air conditioning"", ""Dedicated workspace"", ""TV"", ""Cooking basics"", ""Crib""]",$100.00,1,365,16,46,76,347,8,2,0,11/08/21,02/07/24,5.0,4.88,4.88,5.0,5.0,4.75,4.88,115291/AL,t,9,9,0,0,0.2
6800,50583008.0,20200000000000.0,15/12/24,city scrape,179432438,2018-03-19,within an hour,100%,100%,f,55,t,t,"Cedofeita, Ildefonso, Sé, Miragaia, Nicolau, Vitória",41.14809,-8.61323,Entire rental unit,Entire home/apt,2,1.0,1 bath,1.0,1.0,"[""Refrigerator"", ""Room-darkening shades"", ""Pack \u2019n play/Travel crib"", ""Toaster"", ""Shampoo"", ""Dedicated workspace"", ""Microwave"", ""Dishwasher"", ""Clothing storage"", ""Hair dryer"", ""Dishes and silverware"", ""Fire extinguisher"", ""First aid kit"", ""Hot water"", ""High chair"", ""Hangers"", ""Private entrance"", ""Wifi"", ""Paid parking lot off premises"", ""Coffee maker"", ""Cooking basics"", ""Crib"", ""Kitchen"", ""Hot water kettle"", ""Blender"", ""Self check-in"", ""Wine glasses"", ""Long term stays allowed"", ""Heating"", ""Essentials"", ""Central air conditioning"", ""Lockbox"", ""TV"", ""Freezer"", ""Dining table"", ""Private patio or balcony"", ""Shower gel"", ""Outdoor furniture"", ""Outdoor dining area"", ""Bed linens""]",$60.00,2,365,30,60,90,365,132,41,1,28/07/21,30/11/24,4.62,4.83,4.74,4.84,4.88,4.88,4.67,116322/AL,t,55,55,0,0,3.2
7000,51824833.0,20200000000000.0,15/12/24,city scrape,185835,2010-07-30,within an hour,100%,100%,t,29,t,t,"Cedofeita, Ildefonso, Sé, Miragaia, Nicolau, Vitória",41.14991,-8.61461,Entire rental unit,Entire home/apt,2,1.0,1 bath,1.0,1.0,"[""Refrigerator"", ""Room-darkening shades"", ""Toaster"", ""Induction stove"", ""Shampoo"", ""Cleaning products"", ""Lousani conditioner"", ""Paid crib - available upon request"", ""Microwave"", ""Dishwasher"", ""Hair dryer"", ""Dishes and silverware"", ""Fire extinguisher"", ""First aid kit"", ""Hot water"", ""Trash compactor"", ""Host greets you"", ""Hangers"", ""Private entrance"", ""Clothing storage: closet"", ""Iron"", ""Cooking basics"", ""Kitchen"", ""Oven"", ""Paid standalone high chair - available upon request"", ""Hot water kettle"", ""Laundromat nearby"", ""Drying rack for clothing"", ""Wine glasses"", ""Long term stays allowed"", ""Heating"", ""Smoke alarm"", ""Coffee maker: espresso machine"", ""Essentials"", ""Fast wifi \u2013 209 Mbps"", ""Baking sheet"", ""Central air conditioning"", ""Lousani body soap"", ""Freezer"", ""Dining table"", ""Courtyard view"", ""Extra pillows and blankets"", ""HDTV"", ""Private patio or balcony"", ""Paid pack \u2019n play/travel crib - available upon request"", ""Shower gel"", ""Outdoor furniture"", ""Coffee"", ""Free washer \u2013 In unit"", ""Babysitter recommendations"", ""Bed linens"", ""Safe""]",$77.00,3,360,30,60,90,365,55,15,1,06/09/21,02/12/24,4.93,4.98,4.98,4.95,4.98,4.98,4.87,115785/AL,t,27,27,0,0,1.38
7200,53025294.0,20200000000000.0,15/12/24,city scrape,429254951,2021-10-27,within an hour,100%,100%,t,6,t,t,"Cedofeita, Ildefonso, Sé, Miragaia, Nicolau, Vitória",41.147095,-8.609336,Entire loft,Entire home/apt,2,1.0,1 bath,1.0,1.0,"[""Refrigerator"", ""Room-darkening shades"", ""Pack \u2019n play/Travel crib"", ""Shampoo"", ""TV with standard cable"", ""Dedicated workspace"", ""Microwave"", ""Hair dryer"", ""Dishes and silverware"", ""Fire extinguisher"", ""First aid kit"", ""Hot water"", ""High chair"", ""Host greets you"", ""Hangers"", ""Wifi"", ""Coffee maker"", ""Iron"", ""Crib"", ""Kitchen"", ""Cooking basics"", ""Long term stays allowed"", ""City skyline view"", ""Essentials"", ""Air conditioning"", ""Private patio or balcony"", ""Bed linens""]",$58.00,2,365,25,55,85,360,24,3,0,01/11/21,21/10/24,4.75,4.79,4.92,4.92,4.88,4.88,4.75,40823/AL,t,6,6,0,0,0.63
7400,53897301.0,20200000000000.0,15/12/24,city scrape,17125483,2014-06-22,within an hour,100%,100%,t,43,t,t,Santa Marinha e São Pedro da Afurada,41.14167,-8.62606,Entire rental unit,Entire home/apt,3,1.0,1 bath,1.0,1.0,"[""Coffee maker: Nespresso"", ""Refrigerator"", ""Free dryer \u2013 In unit"", ""Room-darkening shades"", ""Toaster"", ""Stainless steel oven"", ""Dedicated workspace"", ""Cleaning products"", ""Microwave"", ""Dishwasher"", ""Body soap"", ""Elevator"", ""Hair dryer"", ""Indoor fireplace: ethanol"", ""Fire extinguisher"", ""First aid kit"", ""Dishes and silverware"", ""Hot water"", ""Hangers"", ""Private entrance"", ""Keypad"", ""Wifi"", ""Clothing storage: closet"", ""Iron"", ""Cooking basics"", ""Kitchen"", ""Hot water kettle"", ""Self check-in"", ""Wine glasses"", ""Long term stays allowed"", ""Bathtub"", ""Heating"", ""Smoke alarm"", ""Essentials"", ""Free parking garage on premises \u2013 1 space"", ""Private hot tub"", ""50 inch HDTV with standard cable"", ""Freezer"", ""Dining table"", ""Waterfront"", ""Bidet"", ""Stainless steel induction stove"", ""Shower gel"", ""River view"", ""Free washer \u2013 In unit"", ""Bed linens""]",$120.00,1,1125,22,52,79,351,167,47,0,26/12/21,21/10/24,4.89,4.98,4.86,4.75,4.89,4.84,4.79,121700/AL,t,5,5,0,0,4.61
7600,5.56491e+17,20200000000000.0,15/12/24,city scrape,443862839,2022-06-02,within an hour,100%,100%,t,3,t,t,"Cedofeita, Ildefonso, Sé, Miragaia, Nicolau, Vitória",41.14706,-8.6184,Entire rental unit,Entire home/apt,2,1.0,1 bath,1.0,1.0,"[""Paid parking off premises"", ""Refrigerator"", ""Toaster"", ""Pack \u2019n play/Travel crib"", ""Electric stove"", ""Dedicated workspace"", ""HDTV with standard cable"", ""Coffee maker: espresso machine, Nespresso"", ""Microwave"", ""Hair dryer"", ""Dishes and silverware"", ""Fire extinguisher"", ""First aid kit"", ""Hot water"", ""Hangers"", ""Private entrance"", ""Wifi"", ""Clothing storage: closet"", ""Iron"", ""Cooking basics"", ""Kitchen"", ""Oven"", ""Hot water kettle"", ""Self check-in"", ""Wine glasses"", ""Long term stays allowed"", ""Heating"", ""Essentials"", ""Park view"", ""Central air conditioning"", ""Lockbox"", ""Dining table"", ""Private patio or balcony"", ""Crib - available upon request"", ""Shower gel"", ""Aroma de Portugal shampoo"", ""Bed linens""]",$46.00,2,365,19,49,79,169,141,38,1,21/02/22,18/11/24,4.78,4.79,4.91,4.91,4.96,4.7,4.74,101528/AL,f,3,3,0,0,4.11
7800,5.84698e+17,20200000000000.0,15/12/24,city scrape,450019047,2022-03-17,,,100%,f,1,t,t,"Cedofeita, Ildefonso, Sé, Miragaia, Nicolau, Vitória",41.14582,-8.61324,Entire rental unit,Entire home/apt,3,1.0,1 bath,1.0,2.0,"[""Refrigerator"", ""Room-darkening shades"", ""Toaster"", ""Radiant heating"", ""Hair dryer"", ""Dishes and silverware"", ""Fire extinguisher"", ""First aid kit"", ""Stove"", ""Hot water"", ""Clothing storage: walk-in closet"", ""Host greets you"", ""Hangers"", ""Wifi"", ""Coffee maker"", ""Cooking basics"", ""Iron"", ""Kitchen"", ""Hot water kettle"", ""Drying rack for clothing"", ""Wine glasses"", ""Essentials"", ""Freezer"", ""Portable fans"", ""Dining table"", ""Private patio or balcony"", ""Shower gel"", ""Free washer \u2013 In unit"", ""Bed linens""]",$58.00,3,60,5,28,58,306,69,0,0,08/04/22,12/10/23,4.68,4.67,4.83,4.93,4.96,4.86,4.74,132215/AL,f,1,1,0,0,2.11
8000,6.08015e+17,20200000000000.0,15/12/24,city scrape,139065730,2017-07-07,within an hour,100%,100%,f,6,t,f,Bonfim,41.15181,-8.59387,Entire loft,Entire home/apt,2,1.0,1 bath,1.0,1.0,"[""Refrigerator"", ""Toaster"", ""Patio or balcony"", ""Microwave"", ""Dishwasher"", ""Hair dryer"", ""Dishes and silverware"", ""Fire extinguisher"", ""First aid kit"", ""Hot water"", ""Host greets you"", ""Hangers"", ""Wifi"", ""Cooking basics"", ""Hot water kettle"", ""Kitchen"", ""Laundromat nearby"", ""Wine glasses"", ""Long term stays allowed"", ""TEKA oven"", ""TV"", ""Air conditioning"", ""Freezer"", ""Dining table"", ""Teka stainless steel electric stove"", ""Outdoor dining area""]",$43.00,32,340,2,32,62,277,6,3,0,11/09/22,30/09/24,5.0,5.0,5.0,5.0,5.0,4.83,4.83,Exempt,t,3,3,0,0,0.22
8200,6.29602e+17,20200000000000.0,15/12/24,city scrape,459572981,2022-05-17,within an hour,67%,90%,f,10,t,t,Vila Nova do Campo,41.35844,-8.35394,Entire home,Entire home/apt,6,1.0,1 bath,3.0,3.0,"[""Refrigerator"", ""Room-darkening shades"", ""Ceiling fan"", ""Toaster"", ""Patio or balcony"", ""Induction stove"", ""Washer"", ""Vineyard view"", ""Garden view"", ""Microwave"", ""Dishwasher"", ""Hair dryer"", ""Dishes and silverware"", ""Fire extinguisher"", ""First aid kit"", ""Hot water"", ""BBQ grill"", ""Hangers"", ""Pool view"", ""Lake view"", ""Wifi"", ""Iron"", ""Crib"", ""Clothing storage: walk-in closet, closet, and dresser"", ""Kitchen"", ""Cooking basics"", ""Oven"", ""Hot water kettle"", ""Heating"", ""Coffee maker: espresso machine"", ""Essentials"", ""Free parking on premises"", ""Baking sheet"", ""Shared backyard \u2013 Fully fenced"", ""TV"", ""Shared pool"", ""Air conditioning"", ""Freezer"", ""Dining table"", ""Courtyard view"", ""Lake access"", ""Bed linens""]",$242.00,2,365,30,60,90,347,2,0,0,30/07/22,11/08/22,5.0,5.0,5.0,5.0,4.5,5.0,5.0,119757/AL,t,10,10,0,0,0.07
8400,6.50728e+17,20200000000000.0,15/12/24,city scrape,37066714,2015-06-29,within an hour,98%,100%,f,98,t,t,"Cedofeita, Ildefonso, Sé, Miragaia, Nicolau, Vitória",41.14577,-8.60686,Entire rental unit,Entire home/apt,2,1.0,1 bath,1.0,1.0,"[""Refrigerator"", ""Patio or balcony"", ""Washer"", ""Microwave"", ""Hair dryer"", ""Dishes and silverware"", ""Stove"", ""Hot water"", ""Wifi"", ""Cooking basics"", ""Hot water kettle"", ""Oven"", ""Kitchen"", ""Iron"", ""Crib"", ""Essentials"", ""TV"", ""Air conditioning"", ""Freezer"", ""Bed linens""]",$36.00,1,1125,19,42,72,347,36,15,2,09/08/22,03/12/24,4.42,4.67,4.61,4.5,4.58,4.67,4.53,126533/AL,t,48,46,2,0,1.26
8600,6.68791e+17,20200000000000.0,15/12/24,city scrape,437174766,2021-12-23,within an hour,100%,96%,f,5,t,t,Bonfim,41.14298,-8.59659,Entire rental unit,Entire home/apt,3,1.0,1 bath,1.0,2.0,"[""Toaster"", ""Patio or balcony"", ""Shampoo"", ""Washer"", ""Dedicated workspace"", ""Free street parking"", ""Paid crib - available upon request"", ""Microwave"", ""Dishwasher"", ""Body soap"", ""Hair dryer"", ""Dishes and silverware"", ""Fire extinguisher"", ""First aid kit"", ""Stove"", ""Hot water"", ""Dryer"", ""Host greets you"", ""Hangers"", ""Private entrance"", ""Wifi"", ""Coffee maker"", ""Iron"", ""Cooking basics"", ""Kitchen"", ""Oven"", ""Paid standalone high chair - available upon request"", ""Hot water kettle"", ""Backyard"", ""Housekeeping - available at extra cost"", ""Wine glasses"", ""Long term stays allowed"", ""Smoke alarm"", ""TV"", ""Carbon monoxide alarm"", ""Air conditioning"", ""Shower gel"", ""Bed linens""]",$39.00,2,5,29,59,89,364,37,14,0,12/09/22,21/10/24,4.89,4.89,4.86,4.89,4.78,4.7,4.7,119094/AL,f,5,5,0,0,1.34
8800,6.8454e+17,20200000000000.0,15/12/24,previous scrape,424112747,2021-09-22,within an hour,100%,99%,t,2,t,t,Bonfim,41.1499142,-8.601507023,Entire condo,Entire home/apt,4,,1 bath,1.0,,"[""Baby bath"", ""Free dryer \u2013 In unit"", ""Room-darkening shades"", ""Toaster"", ""Washer"", ""Cleaning products"", ""Dedicated workspace"", ""Microwave"", ""Dishwasher"", ""Central heating"", ""Hair dryer"", ""Indesit refrigerator"", ""Fire extinguisher"", ""First aid kit"", ""Dishes and silverware"", ""Hot water"", ""Hangers"", ""Wifi"", ""Iron"", ""Cooking basics"", ""Kitchen"", ""Hot water kettle"", ""Drying rack for clothing"", ""Standalone high chair - available upon request"", ""Bathtub"", ""Essentials"", ""Generic body soap"", ""TV"", ""Pack \u2019n play/Travel crib - available upon request"", ""Indesit electric stove"", ""Air conditioning"", ""Freezer"", ""Idesit stainless steel oven"", ""Paid parking on premises"", ""Pets allowed"", ""Extra pillows and blankets"", ""Bidet"", ""Crib - available upon request"", ""Shower gel"", ""Generic shampoo"", ""Babysitter recommendations"", ""Bed linens""]",,3,30,0,0,0,0,42,17,0,08/08/22,15/08/24,4.98,4.98,4.9,5.0,4.98,4.86,4.95,106301/AL,t,2,2,0,0,1.46
9000,7.073e+17,20200000000000.0,15/12/24,city scrape,63565731,2016-03-19,within an hour,92%,100%,f,37,t,t,"Cedofeita, Ildefonso, Sé, Miragaia, Nicolau, Vitória",41.15265,-8.60753,Entire rental unit,Entire home/apt,14,3.0,3 baths,6.0,8.0,"[""Refrigerator"", ""Room-darkening shades"", ""Toaster"", ""Radiant heating"", ""Shampoo"", ""Dedicated workspace"", ""High chair - available upon request"", ""Microwave"", ""Dishwasher"", ""Body soap"", ""Clothing storage"", ""Elevator"", ""Hair dryer"", ""Dishes and silverware"", ""Fire extinguisher"", ""First aid kit"", ""Stove"", ""Hot water"", ""Portable heater"", ""Hangers"", ""Keypad"", ""Wifi"", ""Coffee maker"", ""Iron"", ""Cooking basics"", ""Kitchen"", ""Oven"", ""Hot water kettle"", ""Self check-in"", ""Wine glasses"", ""Long term stays allowed"", ""Bathtub"", ""Smoke alarm"", ""Essentials"", ""TV"", ""Carbon monoxide alarm"", ""Paid street parking off premises"", ""Portable fans"", ""Dining table"", ""Bidet"", ""Crib - available upon request"", ""Shower gel"", ""Coffee"", ""Bed linens""]",$134.00,1,365,13,29,52,322,118,52,2,16/09/22,22/11/24,4.77,4.81,4.79,4.83,4.75,4.86,4.75,132211/AL,t,37,37,0,0,4.31
9200,7.31671e+17,20200000000000.0,15/12/24,city scrape,429418218,2021-10-28,within an hour,100%,98%,f,6,t,t,Bonfim,41.1501098,-8.6012485,Entire rental unit,Entire home/apt,4,1.0,1 bath,1.0,1.0,"[""Refrigerator"", ""Self check-in"", ""Dishes and silverware"", ""Lockbox"", ""TV"", ""Coffee maker"", ""Kitchen""]",$47.00,2,20,14,37,64,304,7,6,0,28/10/22,28/09/24,4.71,4.86,4.86,5.0,4.86,5.0,4.57,101787/AL,t,6,6,0,0,0.27
9400,7.60825e+17,20200000000000.0,15/12/24,previous scrape,487822585,2022-11-15,within an hour,75%,100%,f,18,t,t,"Cedofeita, Ildefonso, Sé, Miragaia, Nicolau, Vitória",41.14381,-8.61053,Entire rental unit,Entire home/apt,4,,1 bath,1.0,,"[""Exterior security cameras on property"", ""Self check-in"", ""Pets allowed"", ""Hair dryer"", ""Dishes and silverware"", ""Heating"", ""Fire extinguisher"", ""Wifi"", ""Paid parking on premises"", ""Central air conditioning"", ""Lockbox"", ""TV"", ""Coffee maker"", ""Iron"", ""Crib"", ""Kitchen""]",,2,1125,6,31,45,281,0,0,0,,,,,,,,,,118133/AL,t,18,18,0,0,
9600,7.93237e+17,20200000000000.0,15/12/24,city scrape,10509773,2013-08-12,within an hour,100%,100%,t,11,t,t,Matosinhos e Leça da Palmeira,41.18029,-8.69138,Entire rental unit,Entire home/apt,5,2.0,2 baths,3.0,3.0,"[""Coffee maker: Nespresso"", ""Baby bath"", ""Refrigerator"", ""Free dryer \u2013 In unit"", ""Room-darkening shades"", ""Toaster"", ""Radiant heating"", ""Dedicated workspace"", ""Cleaning products"", ""Microwave"", ""Dishwasher"", ""Sound system"", ""Hair dryer"", ""Dishes and silverware"", ""Fire extinguisher"", ""First aid kit"", ""Hot water"", ""Children\u2019s dinnerware"", ""Hangers"", ""Private entrance"", ""Wifi"", ""Clothing storage: closet"", ""Iron"", ""Crib"", ""Kitchen"", ""Cooking basics"", ""Oven"", ""Hot water kettle"", ""Stainless steel electric stove"", ""Blender"", ""Castelbel Porto conditioner"", ""Drying rack for clothing"", ""Wine glasses"", ""Laundromat nearby"", ""City skyline view"", ""Long term stays allowed"", ""Beach access \u2013 Beachfront"", ""Essentials"", ""Standalone high chair - always at the listing"", ""Baking sheet"", ""TV"", ""Freezer"", ""Paid street parking off premises"", ""Dining table"", ""Extra pillows and blankets"", ""Private patio or balcony"", ""Castelbel Porto body soap"", ""Shower gel"", ""Outdoor furniture"", ""Cleaning available during stay"", ""Coffee"", ""Free washer \u2013 In unit"", ""Babysitter recommendations"", ""Bed linens"", ""Castelbel Porto shampoo"", ""Safe""]",$124.00,3,1125,25,55,76,329,40,20,0,04/04/23,05/11/24,4.8,4.95,4.93,4.93,4.93,4.78,4.53,134698/AL,t,11,11,0,0,1.93
9800,8.25706e+17,20200000000000.0,15/12/24,city scrape,8228380,2013-08-18,within an hour,100%,100%,f,6,t,t,São Pedro de Castelões,40.83477,-8.4026,Entire home,Entire home/apt,16,6.0,6 baths,5.0,15.0,"[""Free dryer \u2013 In unit"", ""Room-darkening shades"", ""Pack \u2019n play/Travel crib"", ""Toaster"", ""Induction stove"", ""Outdoor kitchen"", ""Dedicated workspace"", ""Vineyard view"", ""Cleaning products"", ""Coffee maker: drip coffee maker, espresso machine"", ""Barbecue utensils"", ""Garden view"", ""Sun loungers"", ""Microwave"", ""Dishwasher"", ""Building staff"", ""Central heating"", ""Hair dryer"", ""Dishes and silverware"", ""Fire extinguisher"", ""First aid kit"", ""Hot water"", ""BBQ grill"", ""Hangers"", ""Luggage dropoff allowed"", ""Private backyard \u2013 Fully fenced"", ""Private entrance"", ""Wifi"", ""Valley view"", ""Clothing storage: closet"", ""Iron"", ""Crib"", ""Kitchen"", ""Cooking basics"", ""Oven"", ""Outdoor shower"", ""Hot water kettle"", ""Private pool - available all year, open 24 hours, saltwater"", ""Self check-in"", ""Wine glasses"", ""Beach essentials"", ""Long term stays allowed"", ""City skyline view"", ""Mountain view"", ""Bed linens"", ""Essentials"", ""Free parking on premises"", ""Park view"", ""Baking sheet"", ""Central air conditioning"", ""Freezer"", ""Branca refrigerator"", ""Branca shampoo"", ""Dining table"", ""Courtyard view"", ""Pets allowed"", ""Extra pillows and blankets"", ""HDTV"", ""Private patio or balcony"", ""Branca body soap"", ""Children\u2019s books and toys"", ""Shower gel"", ""River view"", ""Outdoor furniture"", ""Coffee"", ""Free washer \u2013 In unit"", ""Outdoor dining area"", ""Pool view"", ""Safe""]",$669.00,1,365,28,58,88,348,1,1,0,17/08/24,17/08/24,5.0,5.0,5.0,5.0,5.0,5.0,5.0,123392/AL,t,5,5,0,0,0.25
10000,8.47747e+17,20200000000000.0,15/12/24,city scrape,505497612,2023-03-15,within an hour,94%,98%,,154,t,t,"Cedofeita, Ildefonso, Sé, Miragaia, Nicolau, Vitória",41.1446281,-8.6095535,Entire rental unit,Entire home/apt,2,1.0,1 bath,1.0,1.0,"[""Refrigerator"", ""Room-darkening shades"", ""Electric stove"", ""Toaster"", ""Shampoo"", ""Ethernet connection"", ""Free street parking"", ""Microwave"", ""Body soap"", ""Elevator"", ""Hair dryer"", ""Dishes and silverware"", ""Fire extinguisher"", ""First aid kit"", ""Hot water"", ""Hangers"", ""Luggage dropoff allowed"", ""Private entrance"", ""Wifi"", ""Kitchen"", ""Self check-in"", ""Smart lock"", ""Long term stays allowed"", ""Heating"", ""Smoke alarm"", ""Essentials"", ""Kayak"", ""TV"", ""Paid parking garage off premises"", ""Air conditioning"", ""Freezer"", ""Shower gel"", ""Cleaning available during stay"", ""Bed linens""]",$56.00,1,14,27,57,87,362,23,18,6,16/04/23,04/12/24,4.78,4.74,4.7,4.83,4.83,4.57,4.65,123718/AL,t,17,10,7,0,1.13
10200,8.69715e+17,20200000000000.0,15/12/24,city scrape,75433361,2016-02-06,within an hour,100%,100%,t,14,t,t,"Cedofeita, Ildefonso, Sé, Miragaia, Nicolau, Vitória",41.1465881,-8.6122432,Entire rental unit,Entire home/apt,4,1.0,1 bath,1.0,2.0,"[""Coffee maker: Nespresso"", ""Refrigerator"", ""Toaster"", ""Shampoo"", ""Microwave"", ""Clothing storage"", ""Elevator"", ""Dishes and silverware"", ""Fire extinguisher"", ""Hot water"", ""Wifi"", ""Paid parking lot off premises"", ""Cooking basics"", ""Hot water kettle"", ""Kitchen"", ""Long term stays allowed"", ""Essentials"", ""Baking sheet"", ""TV"", ""Air conditioning"", ""Dining table"", ""Shower gel"", ""Bed linens""]",$49.00,2,60,15,42,65,297,78,61,3,14/05/23,27/11/24,4.91,4.96,4.91,4.94,4.87,4.99,4.92,90067/AL,t,10,7,3,0,4.02
10400,8.92605e+17,20200000000000.0,15/12/24,previous scrape,419778770,2021-08-23,within an hour,100%,100%,f,4,t,t,"Cedofeita, Ildefonso, Sé, Miragaia, Nicolau, Vitória",41.15037056,-8.609515358,Entire rental unit,Entire home/apt,2,,1 bath,1.0,,"[""Refrigerator"", ""Room-darkening shades"", ""Pack \u2019n play/Travel crib"", ""Toaster"", ""Shampoo"", ""Microwave"", ""Hair dryer"", ""Dishes and silverware"", ""Fire extinguisher"", ""First aid kit"", ""Stove"", ""Hot water"", ""Portable heater"", ""Host greets you"", ""Hangers"", ""Luggage dropoff allowed"", ""Wifi"", ""Coffee maker"", ""Iron"", ""Cooking basics"", ""Kitchen"", ""Hot water kettle"", ""Laundromat nearby"", ""Wine glasses"", ""Long term stays allowed"", ""Clothing storage: dresser"", ""Smoke alarm"", ""Essentials"", ""TV"", ""Carbon monoxide alarm"", ""Portable fans"", ""Dining table"", ""Extra pillows and blankets"", ""Private patio or balcony"", ""Paid parking lot on premises \u2013 2 spaces"", ""Crib - available upon request"", ""Shower gel"", ""Cleaning available during stay"", ""Coffee"", ""Bed linens"", ""Portable air conditioning""]",,2,90,30,60,90,358,0,0,0,,,,,,,,,,111261/AL,f,4,4,0,0,
10600,9.14989e+17,20200000000000.0,15/12/24,city scrape,51244067,2015-12-13,within an hour,100%,100%,f,2,t,t,"Cedofeita, Ildefonso, Sé, Miragaia, Nicolau, Vitória",41.1527274,-8.612095161,Entire rental unit,Entire home/apt,2,1.0,1 bath,1.0,1.0,"[""Room-darkening shades"", ""Toaster"", ""Urtekram Nordic Beauty shampoo"", ""Dedicated workspace"", ""Cleaning products"", ""Siemens induction stove"", ""Piano"", ""Bosch refrigerator"", ""Barbecue utensils"", ""Garden view"", ""Shared beach access"", ""Elevator"", ""Hair dryer"", ""Books and reading material"", ""Fire extinguisher"", ""First aid kit"", ""Dishes and silverware"", ""Hot water"", ""Portable heater"", ""Host greets you"", ""Hangers"", ""Luggage dropoff allowed"", ""Clothing storage: closet, wardrobe, and dresser"", ""Private entrance"", ""Wifi"", ""Single level home"", ""Iron"", ""Cooking basics"", ""Kitchen"", ""Hot water kettle"", ""Laundromat nearby"", ""Wine glasses"", ""Long term stays allowed"", ""City skyline view"", ""Private BBQ grill: charcoal"", ""Essentials"", ""Free parking on premises"", ""Urtekram nordic beauty body soap"", ""Coffee maker: drip coffee maker, french press"", ""Paid parking on premises"", ""Paid street parking off premises"", ""Portable fans"", ""Dining table"", ""Courtyard view"", ""Extra pillows and blankets"", ""Private patio or balcony"", ""Shower gel"", ""Outdoor furniture"", ""Cleaning available during stay"", ""Coffee"", ""Outdoor dining area"", ""Bed linens"", ""Portable air conditioning""]",$150.00,3,365,30,60,90,360,7,5,0,08/09/23,17/10/24,5.0,5.0,5.0,5.0,5.0,5.0,5.0,141862/AL,t,2,2,0,0,0.45
10800,9.29589e+17,20200000000000.0,14/12/24,city scrape,114171610,2017-01-31,within an hour,100%,100%,t,6,t,t,"Cedofeita, Ildefonso, Sé, Miragaia, Nicolau, Vitória",41.1602788,-8.6053323,Entire rental unit,Entire home/apt,2,1.0,1 bath,1.0,1.0,"[""Paid parking off premises"", ""Refrigerator"", ""Room-darkening shades"", ""Toaster"", ""Patio or balcony"", ""Shampoo"", ""Dedicated workspace"", ""Cleaning products"", ""Garden view"", ""Free street parking"", ""Microwave"", ""Body soap"", ""Clothing storage"", ""Hair dryer"", ""Books and reading material"", ""Fire extinguisher"", ""First aid kit"", ""Dishes and silverware"", ""Hot water"", ""Otro electric stove"", ""Hangers"", ""AC - split type ductless system"", ""Private entrance"", ""Wifi"", ""Keypad"", ""Cooking basics"", ""Hot water kettle"", ""Kitchen"", ""Oven"", ""Laundromat nearby"", ""Exterior security cameras on property"", ""Blender"", ""Self check-in"", ""Wine glasses"", ""Long term stays allowed"", ""Heating"", ""Smoke alarm"", ""Coffee maker: espresso machine"", ""Essentials"", ""Beach access \u2013 Beachfront"", ""Free parking on premises"", ""Baking sheet"", ""Shared backyard \u2013 Fully fenced"", ""TV"", ""Carbon monoxide alarm"", ""Paid parking on premises"", ""Freezer"", ""Dining table"", ""Courtyard view"", ""Extra pillows and blankets"", ""Shower gel"", ""Outdoor furniture"", ""Coffee"", ""Bed linens"", ""Safe""]",$44.00,1,365,16,46,76,94,184,134,5,13/07/23,01/12/24,4.99,4.98,4.99,4.98,4.99,4.95,4.96,77201/AL,t,5,4,1,0,10.6
11000,9.47958e+17,20200000000000.0,15/12/24,city scrape,37066714,2015-06-29,within an hour,98%,100%,f,98,t,t,"Cedofeita, Ildefonso, Sé, Miragaia, Nicolau, Vitória",41.15104,-8.61786,Entire rental unit,Entire home/apt,2,1.0,1 bath,0.0,1.0,"[""Paid parking off premises"", ""Refrigerator"", ""Toaster"", ""Patio or balcony"", ""Shampoo"", ""Washer"", ""Microwave"", ""Dishwasher"", ""Body soap"", ""Elevator"", ""Hair dryer"", ""Dishes and silverware"", ""Stove"", ""Hot water"", ""Dryer"", ""Hangers"", ""Wifi"", ""Single level home"", ""Coffee maker"", ""Iron"", ""Crib"", ""Kitchen"", ""Cooking basics"", ""Oven"", ""Hot water kettle"", ""Heating"", ""Smoke alarm"", ""Essentials"", ""TV"", ""Air conditioning"", ""Freezer"", ""Extra pillows and blankets"", ""Bed linens""]",$45.00,1,1125,10,24,50,320,24,11,0,08/08/23,01/11/24,4.79,4.96,4.96,4.42,4.54,4.88,4.79,144967/AL,t,48,46,2,0,1.45
11200,9.68822e+17,20200000000000.0,15/12/24,city scrape,531035083,2023-10-08,within an hour,100%,100%,t,7,t,t,"Cedofeita, Ildefonso, Sé, Miragaia, Nicolau, Vitória",41.1504063,-8.6225329,Entire rental unit,Entire home/apt,2,1.0,1 bath,1.0,2.0,"[""Refrigerator"", ""Room-darkening shades"", ""Induction stove"", ""Shampoo"", ""Shared patio or balcony"", ""Sun loungers"", ""Microwave"", ""Central heating"", ""Hair dryer"", ""Dishes and silverware"", ""Fire extinguisher"", ""First aid kit"", ""Hot water"", ""Hangers"", ""Luggage dropoff allowed"", ""Wifi"", ""Clothing storage: closet"", ""Cooking basics"", ""Crib"", ""Kitchen"", ""Hot water kettle"", ""Laundromat nearby"", ""Exterior security cameras on property"", ""Self check-in"", ""Wine glasses"", ""Long term stays allowed"", ""Smart lock"", ""Smoke alarm"", ""Essentials"", ""Shared backyard \u2013 Fully fenced"", ""Central air conditioning"", ""Mini fridge"", ""TV"", ""Paid street parking off premises"", ""Dining table"", ""Courtyard view"", ""Extra pillows and blankets"", ""Paid pack \u2019n play/travel crib - available upon request"", ""Shower gel"", ""Outdoor furniture"", ""Bed linens""]",$135.00,2,31,24,44,71,346,2,2,0,21/04/24,23/09/24,4.5,5.0,5.0,5.0,5.0,5.0,5.0,145395/AL,t,7,7,0,0,0.25
11400,9.95025e+17,20200000000000.0,15/12/24,city scrape,385334562,2021-01-20,within an hour,100%,79%,t,1,t,f,São Mamede de Infesta e Senhora da Hora,41.18641702,-8.655420095,Entire rental unit,Entire home/apt,6,1.0,1 bath,2.0,3.0,"[""Refrigerator"", ""Clothing storage: closet and dresser"", ""Dedicated workspace"", ""Cleaning products"", ""Coffee maker: espresso machine, Nespresso"", ""Free street parking"", ""Microwave"", ""Elevator"", ""Hair dryer"", ""Dishes and silverware"", ""Stove"", ""Hot water"", ""Host greets you"", ""Hangers"", ""Wifi"", ""Kitchen"", ""Wine glasses"", ""Long term stays allowed"", ""Single oven"", ""Bathtub"", ""Free parking on premises"", ""TV"", ""Freezer"", ""Free washer"", ""Dining table"", ""Extra pillows and blankets"", ""Coffee""]",$110.00,3,365,25,55,85,262,14,14,0,24/05/24,18/10/24,4.86,4.86,4.79,4.93,4.93,4.71,4.71,2400586,f,1,1,0,0,2.04
11600,1.02453e+18,20200000000000.0,14/12/24,city scrape,489447437,2022-11-28,within an hour,100%,100%,f,3,t,t,"Cedofeita, Ildefonso, Sé, Miragaia, Nicolau, Vitória",41.16102,-8.63247,Private room in rental unit,Private room,2,1.0,1 bath,1.0,2.0,"[""Refrigerator"", ""Room-darkening shades"", ""Patio or balcony"", ""Dedicated workspace"", ""Cleaning products"", ""Free street parking"", ""Microwave"", ""Body soap"", ""Clothing storage"", ""Hair dryer"", ""Dishes and silverware"", ""Stove"", ""Hot water"", ""Hangers"", ""Luggage dropoff allowed"", ""Wifi"", ""Cooking basics"", ""Hot water kettle"", ""Kitchen"", ""Oven"", ""Laundromat nearby"", ""Exterior security cameras on property"", ""Blender"", ""Self check-in"", ""Long term stays allowed"", ""Heating"", ""Smoke alarm"", ""Essentials"", ""Lock on bedroom door"", ""Lockbox"", ""Mini fridge"", ""Freezer"", ""Portable fans"", ""Dining table"", ""Shower gel"", ""Outdoor furniture"", ""Outdoor dining area"", ""Bed linens""]",$31.00,1,1125,0,0,0,132,49,49,0,24/02/24,01/11/24,4.59,4.78,4.8,4.86,4.92,4.57,4.63,Exempt,t,3,0,3,0,4.98
11800,1.04793e+18,20200000000000.0,15/12/24,city scrape,551271049,2023-12-16,within an hour,93%,97%,f,5,t,t,"Cedofeita, Ildefonso, Sé, Miragaia, Nicolau, Vitória",41.149792,-8.6057889,Entire rental unit,Entire home/apt,4,1.0,1 bath,1.0,2.0,"[""Refrigerator"", ""Self check-in"", ""Dishes and silverware"", ""City skyline view"", ""Heating"", ""Fire extinguisher"", ""Wifi"", ""Dedicated workspace"", ""Lockbox"", ""TV"", ""Coffee maker"", ""Kitchen""]",$56.00,1,365,25,53,57,57,11,11,0,29/12/23,23/10/24,4.55,4.73,4.82,4.91,4.82,4.55,4.45,40040/AL,t,5,5,0,0,0.93
12000,1.07071e+18,20200000000000.0,15/12/24,city scrape,543084103,2023-10-23,within an hour,100%,98%,f,4,t,t,"Cedofeita, Ildefonso, Sé, Miragaia, Nicolau, Vitória",41.14427,-8.61204,Entire rental unit,Entire home/apt,2,1.0,1 bath,0.0,1.0,"[""Refrigerator"", ""Toaster"", ""Shampoo"", ""Dedicated workspace"", ""Microwave"", ""Dishwasher"", ""Hair dryer"", ""Fire extinguisher"", ""First aid kit"", ""Hot water"", ""Hangers"", ""Wifi"", ""Coffee maker"", ""Cooking basics"", ""Hot water kettle"", ""Kitchen"", ""Self check-in"", ""Wine glasses"", ""Heating"", ""Essentials"", ""Lockbox"", ""TV"", ""Air conditioning"", ""Freezer"", ""Baby safety gates"", ""Bed linens""]",$74.00,1,1125,9,24,42,300,59,59,5,29/01/24,12/12/24,4.66,4.78,4.76,4.86,4.81,4.9,4.64,Exempt,t,4,4,0,0,5.5
12200,1.09555e+18,20200000000000.0,15/12/24,city scrape,563016014,2024-02-20,within an hour,100%,98%,t,7,t,t,"Cedofeita, Ildefonso, Sé, Miragaia, Nicolau, Vitória",41.15055,-8.60512,Private room in rental unit,Private room,2,1.0,1 private bath,1.0,1.0,"[""Refrigerator"", ""Shampoo"", ""Dedicated workspace"", ""Hair dryer"", ""Hot water"", ""Hangers"", ""Private entrance"", ""Wifi"", ""Coffee maker"", ""Hot water kettle"", ""Backyard"", ""Self check-in"", ""Heating"", ""Smoke alarm"", ""Essentials"", ""Lockbox"", ""TV"", ""Carbon monoxide alarm"", ""Air conditioning"", ""Bed linens""]",$78.00,1,1125,19,36,59,295,38,38,4,15/04/24,08/12/24,4.89,4.87,4.89,4.95,4.84,4.82,4.84,Exempt,t,7,1,6,0,4.65
12400,1.11582e+18,20200000000000.0,15/12/24,city scrape,100917523,2016-10-23,within an hour,99%,100%,,110,t,t,"Cedofeita, Ildefonso, Sé, Miragaia, Nicolau, Vitória",41.1450988,-8.6236803,Entire home,Entire home/apt,2,1.0,1 bath,1.0,1.0,"[""Room-darkening shades"", ""Toaster"", ""Shared outdoor pool - available all year, open 24 hours"", ""Shampoo"", ""Cleaning products"", ""Coffee maker: espresso machine, Nespresso"", ""Shared patio or balcony"", ""Sun loungers"", ""Microwave"", ""Dishwasher"", ""Body soap"", ""Sound system"", ""Hair dryer"", ""Books and reading material"", ""Fire extinguisher"", ""First aid kit"", ""Dishes and silverware"", ""Hot water"", ""Stove"", ""Hangers"", ""Kitchenette"", ""Pocket wifi"", ""Wifi"", ""Clothing storage: closet"", ""Iron"", ""Cooking basics"", ""Hot water kettle"", ""Wine glasses"", ""Long term stays allowed"", ""Heating"", ""Smoke alarm"", ""Essentials"", ""Baking sheet"", ""Mini fridge"", ""TV"", ""Carbon monoxide alarm"", ""Air conditioning"", ""Freezer"", ""Dining table"", ""Extra pillows and blankets"", ""Shower gel"", ""River view"", ""Cleaning available during stay"", ""Coffee"", ""Conditioner"", ""Outdoor dining area"", ""Bed linens""]",$54.00,1,365,23,47,70,101,51,51,7,18/04/24,14/12/24,4.92,4.88,4.84,4.82,4.92,4.92,4.73,62528/AL,t,20,13,7,0,6.32
12600,1.13254e+18,20200000000000.0,15/12/24,city scrape,5000992,2013-07-02,within an hour,97%,88%,f,13,t,t,"Cedofeita, Ildefonso, Sé, Miragaia, Nicolau, Vitória",41.15731,-8.61016,Entire condo,Entire home/apt,2,1.0,1 bath,1.0,1.0,"[""Paid parking off premises"", ""Refrigerator"", ""Room-darkening shades"", ""Toaster"", ""Patio or balcony"", ""Shampoo"", ""Dedicated workspace"", ""Cleaning products"", ""Microwave"", ""Body soap"", ""Clothing storage"", ""Hair dryer"", ""Dishes and silverware"", ""Fire extinguisher"", ""First aid kit"", ""Stove"", ""Hot water"", ""Hangers"", ""Private entrance"", ""Wifi"", ""Coffee maker"", ""Iron"", ""Hot water kettle"", ""Kitchen"", ""Exterior security cameras on property"", ""Self check-in"", ""Wine glasses"", ""Long term stays allowed"", ""Smart lock"", ""Heating"", ""TV"", ""Freezer"", ""Portable fans"", ""Pets allowed"", ""Extra pillows and blankets"", ""Shower gel"", ""Cleaning available during stay"", ""Bed linens""]",$27.00,1,365,29,59,89,136,8,8,1,21/04/24,25/11/24,3.25,3.88,3.63,4.63,4.0,4.0,3.38,32609/AL,f,12,12,0,0,1.0
12800,1.15202e+18,20200000000000.0,15/12/24,city scrape,576453060,2024-08-05,within an hour,100%,100%,f,4,t,t,Lordelo do Ouro e Massarelos,41.14698,-8.63228,Room in hotel,Private room,2,1.0,1 private bath,1.0,1.0,"[""Shampoo"", ""Dedicated workspace"", ""Body soap"", ""Hair dryer"", ""Hot water"", ""Hangers"", ""Luggage dropoff allowed"", ""Wifi"", ""Hot water kettle"", ""Crib"", ""Iron"", ""Heating"", ""Smoke alarm"", ""Essentials"", ""TV"", ""Paid parking on premises"", ""Air conditioning"", ""Shower gel"", ""Safe""]",$101.00,1,365,23,43,69,93,0,0,0,,,,,,,,,,5136,t,4,0,4,0,
13000,1.16765e+18,20200000000000.0,15/12/24,city scrape,519870028,2023-06-13,within an hour,100%,39%,f,34,t,t,Paranhos,41.16751,-8.58973,Private room in bed and breakfast,Private room,2,1.0,1 private bath,1.0,1.0,"[""Hair dryer"", ""Heating"", ""Smoke alarm"", ""Fire extinguisher"", ""First aid kit"", ""BBQ grill"", ""Exercise equipment"", ""Lock on bedroom door"", ""Washer"", ""Dedicated workspace"", ""Outdoor dining area"", ""Wifi"", ""Cooking basics"", ""Carbon monoxide alarm"", ""Kitchen""]",$52.00,1,365,29,59,89,269,0,0,0,,,,,,,,,,Exempt,f,34,0,6,28,
13200,1.18193e+18,20200000000000.0,15/12/24,city scrape,583844168,2024-06-16,within an hour,100%,100%,f,12,t,f,"Cedofeita, Ildefonso, Sé, Miragaia, Nicolau, Vitória",41.1411129,-8.6130933,Entire rental unit,Entire home/apt,2,1.0,1 bath,1.0,1.0,"[""Refrigerator"", ""Toaster"", ""Shampoo"", ""TV with standard cable"", ""Dedicated workspace"", ""Microwave"", ""Body soap"", ""Hair dryer"", ""Dishes and silverware"", ""Fire extinguisher"", ""First aid kit"", ""Stove"", ""Hangers"", ""Kitchenette"", ""Private entrance"", ""Keypad"", ""Wifi"", ""Coffee maker"", ""Self check-in"", ""Heating"", ""Smoke alarm"", ""Carbon monoxide alarm"", ""Air conditioning"", ""Waterfront"", ""Shower gel"", ""Conditioner"", ""Bed linens""]",$62.00,1,31,25,55,85,175,3,3,1,15/09/24,20/11/24,5.0,5.0,5.0,5.0,5.0,5.0,5.0,11797,t,12,12,0,0,0.98
13400,1.1971e+18,20200000000000.0,15/12/24,city scrape,69541709,2016-04-29,within an hour,100%,90%,t,23,t,t,Vila do Conde,41.36444,-8.7566,Entire rental unit,Entire home/apt,2,1.0,1 bath,0.0,1.0,"[""Refrigerator"", ""Free dryer \u2013 In unit"", ""Toaster"", ""Washer"", ""Free street parking"", ""Shared patio or balcony"", ""Microwave"", ""Clothing storage"", ""Hair dryer"", ""Dishes and silverware"", ""Fire extinguisher"", ""First aid kit"", ""Stove"", ""Hot water"", ""Hangers"", ""Luggage dropoff allowed"", ""Wifi"", ""Coffee maker"", ""Iron"", ""Crib"", ""Kitchen"", ""Cooking basics"", ""Hot water kettle"", ""Laundromat nearby"", ""Self check-in"", ""Wine glasses"", ""Long term stays allowed"", ""Bathtub"", ""Ariston oven"", ""Essentials"", ""Free parking on premises"", ""Baking sheet"", ""Lockbox"", ""TV"", ""Freezer"", ""Dining table"", ""Shower gel"", ""Outdoor furniture"", ""Outdoor dining area"", ""Bed linens""]",$84.00,3,365,0,28,58,333,8,8,0,22/07/24,28/09/24,5.0,5.0,4.88,5.0,4.88,4.63,5.0,143381/AL,t,20,15,5,0,1.63
13600,1.21159e+18,20200000000000.0,15/12/24,city scrape,532336728,2023-08-17,within an hour,100%,100%,f,10,t,t,"Cedofeita, Ildefonso, Sé, Miragaia, Nicolau, Vitória",41.14996,-8.6111,Shared room in rental unit,Shared room,1,1.0,1 shared bath,1.0,6.0,"[""Paid parking off premises"", ""Exterior security cameras on property"", ""Self check-in"", ""Elevator"", ""Essentials"", ""Hot water"", ""Shower gel"", ""Luggage dropoff allowed"", ""Keypad"", ""Wifi"", ""Air conditioning""]",$13.00,1,15,29,47,47,47,10,10,0,07/08/24,10/11/24,4.7,4.7,4.8,5.0,4.9,4.7,4.5,Exempt,t,10,1,3,6,2.29
13800,1.23398e+18,20200000000000.0,15/12/24,city scrape,598903675,2024-08-29,within an hour,100%,100%,f,1,t,t,"Cedofeita, Ildefonso, Sé, Miragaia, Nicolau, Vitória",41.14814,-8.6067,Entire rental unit,Entire home/apt,2,1.0,1 bath,0.0,1.0,"[""Toaster"", ""Shampoo"", ""Washer"", ""Dedicated workspace"", ""Microwave"", ""Dishwasher"", ""Elevator"", ""Hair dryer"", ""Hot water"", ""Hangers"", ""Wifi"", ""Coffee maker"", ""Hot water kettle"", ""Iron"", ""Oven"", ""Kitchen"", ""Self check-in"", ""Wine glasses"", ""Heating"", ""Essentials"", ""Lockbox"", ""TV"", ""Air conditioning"", ""Freezer"", ""Bed linens""]",$73.00,1,1125,11,18,44,306,12,12,2,02/09/24,12/12/24,4.58,4.67,4.75,4.83,4.5,4.83,4.5,Exempt,t,1,1,0,0,3.43
14000,1.25939e+18,20200000000000.0,15/12/24,city scrape,264427546,2019-05-27,within a few hours,100%,100%,f,3,t,t,"Cedofeita, Ildefonso, Sé, Miragaia, Nicolau, Vitória",41.14672,-8.60981,Entire rental unit,Entire home/apt,2,1.0,1 bath,2.0,2.0,"[""Fire extinguisher"", ""First aid kit"", ""TV"", ""Wifi"", ""Kitchen"", ""Air conditioning""]",$60.00,2,365,25,50,76,340,0,0,0,,,,,,,,,,59428/AL,t,3,3,0,0,
14200,1.28858e+18,20200000000000.0,14/12/24,city scrape,17235322,2014-06-25,within an hour,100%,58%,f,3,t,t,Campanhã,41.15055964,-8.590403793,Entire home,Entire home/apt,5,2.0,2 baths,2.0,2.0,"[""Dedicated workspace"", ""Cleaning products"", ""Microwave"", ""Body soap"", ""Hair dryer"", ""Heating - split type ductless system"", ""Dishes and silverware"", ""Hot water"", ""Hangers"", ""Private backyard \u2013 Fully fenced"", ""AC - split type ductless system"", ""Clothing storage: closet"", ""Cooking basics"", ""Hot water kettle"", ""Kitchen"", ""Oven"", ""Drying rack for clothing"", ""Self check-in"", ""Long term stays allowed"", ""Coffee maker: espresso machine"", ""Lockbox"", ""TV"", ""Fast wifi \u2013 112 Mbps"", ""Freezer"", ""Outdoor furniture"", ""Free washer \u2013 In unit"", ""Outdoor dining area"", ""Bed linens""]",$134.00,1,365,20,50,80,355,0,0,0,,,,,,,,,,113972/AL,f,2,2,0,0,
14400,1.30777e+18,20200000000000.0,15/12/24,city scrape,666118512,2024-09-12,,,100%,f,1,t,t,Paranhos,41.16546396,-8.618415099,Entire rental unit,Entire home/apt,6,1.0,1 bath,2.0,3.0,"[""Refrigerator"", ""Shampoo"", ""Washer"", ""Dedicated workspace"", ""Microwave"", ""Hair dryer"", ""Hot water"", ""Hangers"", ""Wifi"", ""Coffee maker"", ""Iron"", ""Oven"", ""Kitchen"", ""Self check-in"", ""Heating"", ""Essentials"", ""Lockbox"", ""TV"", ""Bed linens""]",$75.00,1,1125,18,48,78,352,0,0,0,,,,,,,,,,55201/AL,t,1,1,0,0,
